{"cameraMode":{"drawMode":0,"name":"Shaded","section":"Shading Mode"},"sceneLighting":true,"audioPlay":false,"sceneViewState":{"m_AlwaysRefresh":false,"showFog":true,"showSkybox":true,"showFlares":true,"showImageEffects":true,"showParticleSystems":true,"showVisualEffectGraphs":true,"m_FxEnabled":true},"in2DMode":false,"pivot":{"x":-148.7941436767578,"y":-45.898231506347659,"z":171.73431396484376},"rotation":{"x":0.019483324140310289,"y":0.9407110214233398,"z":0.05479799956083298,"w":-0.3342287838459015},"size":0.8660253882408142,"orthographic":false}